Zip,Lat,Lon
6211AL,50.855233,5.692237
6211AM,50.853608,5.691958
6211AN,50.853617,5.692009
6211AP,50.853037,5.691825
6211AR,50.854993,5.692294
6211AT,50.854581,5.690199
6211AV,50.853453,5.69024
6211AW,50.852545,5.690502
6211AX,50.853976,5.68977
6211AZ,50.852668,5.689879
6211BA,50.854667,5.692549
6211BB,50.854881,5.690684
6211BC,50.854877,5.692565
6211BD,50.853268,5.69194
6211BE,50.85291,5.692407
6211BG,50.854206,5.692657
6211BH,50.854376,5.691434
6211BJ,50.853499,5.692798
6211BK,50.854021,5.691182
6211BL,50.853551,5.692933
6211BN,50.85369,5.691272
6211BP,50.85369,5.691434
6211BS,50.853228,5.690603
6211BT,50.853713,5.690915
6211BV,50.852565,5.691346
6211BW,50.853422,5.69242
6211BX,50.853393,5.692698
6211BZ,50.853757,5.691045
6211CA,50.8525,5.692552
6211CB,50.852666,5.692532
6211CC,50.853571,5.693554
6211CD,50.852469,5.693629
6211CE,50.852266,5.692534
6211CH,50.851002,5.690164
6211CJ,50.851917,5.689863
6211CK,50.851889,5.691357
6211CL,50.850866,5.691455
6211CM,50.850359,5.690892
6211CP,50.850499,5.69002
6211CR,50.850358,5.691448
6211CS,50.850638,5.691117
6211CW,50.849939,5.691635
6211DA,50.848493,5.694657
6211DE,50.848562,5.693761
6211EA,50.849183,5.689746
6211EB,50.849277,5.690354
6211EC,50.849532,5.69141
6211ED,50.849635,5.69269
6211EL,50.851095,5.692884
6211EM,50.851289,5.6931
6211EN,50.850193,5.693636
6211EP,50.850494,5.693057
6211ER,50.849831,5.69331
6211ES,50.849227,5.693611
6211ET,50.849402,5.693611
6211EV,50.84917,5.694403
6211EX,50.848368,5.694721
6211EZ,50.847288,5.694681
6211GA,50.847957,5.693666
6211GB,50.848554,5.694165
6211GC,50.847688,5.694324
6211GD,50.848429,5.694017
6211GJ,50.848392,5.693293
6211GK,50.848899,5.693408
6211GL,50.849014,5.693356
6211GM,50.848487,5.692666
6211GN,50.848469,5.692513
6211GR,50.84902,5.691734
6211GS,50.849147,5.691167
6211GT,50.848902,5.69057
6211GV,50.84878,5.689883
6211GW,50.84858,5.69068
6211GX,50.848532,5.69147
6211GZ,50.848165,5.691882
6211HA,50.847845,5.691039
6211HB,50.848178,5.689796
6211HC,50.848209,5.690191
6211HD,50.847718,5.693152
6211HE,50.847403,5.692844
6211HH,50.84627,5.694592
6211HK,50.846207,5.694338
6211HL,50.846536,5.69403
6211HM,50.846161,5.69355
6211HN,50.846371,5.693186
6211HP,50.846378,5.692506
6211HR,50.846733,5.692773
6211HT,50.846897,5.692263
6211HV,50.846468,5.691992
6211HW,50.847439,5.691609
6211HX,50.847407,5.691341
6211HZ,50.846213,5.692765
6211JA,50.846567,5.690764
6211JB,50.846737,5.690774
6211JC,50.846225,5.689978
6211JD,50.845925,5.691165
6211JG,50.845693,5.691481
6211JH,50.84499,5.689639
6211JJ,50.845369,5.689724
6211JK,50.84549,5.688187
6211JL,50.845258,5.691098
6211JM,50.84498,5.692058
6211JN,50.845679,5.692251
6211JP,50.844753,5.691523
6211JR,50.84497,5.69317
6211JS,50.845307,5.694674
6211JV,50.84335,5.695192
6211JW,50.854595,5.693506
6211JX,50.842851,5.693892
6211JZ,50.843226,5.693693
6211KA,50.843576,5.693747
6211KB,50.842787,5.691975
6211KC,50.842445,5.689947
6211KG,50.844354,5.689745
6211KH,50.844427,5.689031
6211KJ,50.844917,5.688175
6211KK,50.844551,5.687163
6211KL,50.845399,5.687214
6211KN,50.846019,5.686712
6211KP,50.846714,5.689212
6211KR,50.846854,5.689327
6211KS,50.846284,5.689065
6211KV,50.847215,5.689496
6211KW,50.847235,5.68922
6211KX,50.84777,5.689965
6211KZ,50.846212,5.685027
6211LA,50.847896,5.689426
6211LB,50.847867,5.689147
6211LC,50.849324,5.689338
6211LD,50.848406,5.688503
6211LE,50.849446,5.687694
6211LG,50.847813,5.68827
6211LH,50.846903,5.687569
6211LJ,50.846165,5.687593
6211LK,50.847132,5.686658
6211LL,50.846235,5.6868
6211LM,50.845684,5.685788
6211LN,50.846219,5.686263
6211LP,50.845635,5.68506
6211LR,50.845356,5.684062
6211LS,50.846654,5.684406
6211LT,50.844806,5.682531
6211LV,50.844236,5.682908
6211LW,50.844581,5.681986
6211LX,50.845904,5.683049
6211LZ,50.846505,5.685229
6211MA,50.846871,5.693534
6211MB,50.846528,5.693339
6211MC,50.845783,5.688992
6211MV,50.846474,5.682725
6211MX,50.846581,5.6838
6211MZ,50.845686,5.683665
6211NA,50.846933,5.681309
6211NB,50.846358,5.68101
6211NC,50.848567,5.678581
6211ND,50.847814,5.67918
6211NE,50.846205,5.680506
6211NG,50.849322,5.678369
6211NH,50.847501,5.681483
6211NJ,50.847984,5.682896
6211NK,50.847489,5.680177
6211NL,50.848749,5.679748
6211NM,50.847937,5.680202
6211NN,50.848974,5.679365
6211NP,50.848167,5.679751
6211NR,50.84895,5.680514
6211NS,50.848057,5.681224
6211NT,50.849033,5.67997
6211NV,50.848123,5.680645
6211NW,50.848896,5.683491
6211NX,50.849247,5.684835
6211NZ,50.849069,5.684336
6211PA,50.84955,5.685277
6211PB,50.849528,5.684173
6211PC,50.849531,5.682535
6211PD,50.849424,5.679712
6211PE,50.849719,5.684821
6211PG,50.849695,5.68267
6211PH,50.849834,5.681433
6211PJ,50.849648,5.679251
6211PK,50.85067,5.683596
6211PL,50.854097,5.68418
6211PM,50.852851,5.682405
6211PN,50.851988,5.681155
6211PP,50.851132,5.679882
6211PR,50.85007,5.678393
6211PS,50.850238,5.67965
6211PW,50.849198,5.682194
6211PX,50.848521,5.682103
6211PZ,50.848831,5.681572
6211RA,50.852932,5.683841
6211RB,50.851546,5.681902
6211RC,50.850346,5.680046
6211RD,50.853038,5.683606
6211RE,50.852289,5.682482
6211RG,50.851571,5.681395
6211RH,50.850827,5.680286
6211RJ,50.849992,5.679181
6211RK,50.851989,5.68448
6211RL,50.852195,5.684531
6211RM,50.85186,5.683187
6211RN,50.853261,5.684951
6211RP,50.851734,5.686258
6211RR,50.853295,5.684566
6211RS,50.852521,5.685277
6211RT,50.85175,5.685967
6211RV,50.851309,5.687381
6211RW,50.854118,5.685682
6211RX,50.853855,5.685128
6211RZ,50.854052,5.688947
6211SB,50.853601,5.6887
6211SC,50.853893,5.689021
6211SE,50.853389,5.689019
6211SG,50.851768,5.689316
6211SH,50.853191,5.688798
6211SJ,50.85181,5.68906
6211SK,50.852535,5.689699
6211SL,50.852395,5.687899
6211SM,50.853009,5.68812
6211SN,50.851673,5.688241
6211SP,50.852698,5.687854
6211SR,50.850971,5.689489
6211ST,50.850726,5.688028
6211SV,50.850186,5.686481
6211SW,50.851072,5.689146
6211SX,50.85087,5.687657
6211SZ,50.850305,5.686328
6211TA,50.850495,5.688957
6211TB,50.850357,5.687393
6211TC,50.849707,5.686691
6211TD,50.849619,5.685873
6211TE,50.847631,5.686864
6211TG,50.848005,5.687355
6211WB,50.854706,5.685738
6211WC,50.854613,5.686861
6211WD,50.854346,5.687649
6211WE,50.854843,5.687912
6211WH,50.85529,5.687679
6211XA,50.854579,5.691863
6211XB,50.854424,5.69215
6211XC,50.853612,5.685758
6211XD,50.853283,5.686131
6211XE,50.853208,5.685806
6211XG,50.853511,5.686566
6211XH,50.852742,5.686663
6211XJ,50.853183,5.686867
6211XK,50.852174,5.68688
6211XL,50.853596,5.685499
6211XN,50.852559,5.683938
6211XP,50.852409,5.684083
6211XR,50.852528,5.683896
6211XS,50.852421,5.684138
6211XX,50.855427,5.68911
6211XZ,50.856789,5.689502
6212AA,50.842057,5.692902
6212AB,50.841579,5.689362
6212AC,50.841562,5.695746
6212AD,50.841045,5.695626
6212AE,50.838637,5.694933
6212AG,50.836569,5.694311
6212AH,50.834599,5.693887
6212AJ,50.830968,5.694928
6212AK,50.829171,5.695618
6212AL,50.827135,5.695858
6212AM,50.841713,5.694565
6212AN,50.840853,5.694802
6212AP,50.841205,5.694202
6212AR,50.841162,5.693219
6212AS,50.840201,5.695523
6212AT,50.84051,5.693124
6212AV,50.8398,5.695736
6212AW,50.840277,5.689727
6212BA,50.840664,5.690371
6212BB,50.84043,5.688251
6212BC,50.841076,5.690572
6212BD,50.840931,5.68959
6212BE,50.84081,5.688802
6212BG,50.840298,5.691284
6212BH,50.841177,5.688447
6212BJ,50.840068,5.688895
6212BK,50.840067,5.688568
6212BL,50.839674,5.692786
6212BM,50.8397,5.690432
6212BN,50.839369,5.688165
6212BP,50.839956,5.690922
6212BR,50.839566,5.688244
6212BS,50.839041,5.689661
6212BT,50.839017,5.689332
6212BV,50.839506,5.691756
6212BW,50.83836,5.690457
6212BX,50.838636,5.690355
6212CA,50.838616,5.692556
6212CB,50.8389,5.693025
6212CC,50.839424,5.694008
6212CD,50.838204,5.694228
6212CE,50.83629,5.693848
6212CG,50.83943,5.693684
6212CH,50.83687,5.693774
6212CJ,50.835198,5.693504
6212CK,50.838741,5.694564
6212CL,50.83788,5.692901
6212CM,50.838083,5.692927
6212CN,50.839245,5.691064
6212CP,50.83824,5.691651
6212CR,50.837004,5.69276
6212CS,50.839088,5.690882
6212CT,50.836825,5.692095
6212CV,50.8356,5.692997
6212CW,50.837223,5.692795
6212CX,50.837424,5.692905
6212CZ,50.835276,5.691258
6212EA,50.835602,5.689429
6212EB,50.835837,5.689065
6212EC,50.836828,5.687725
6212EG,50.836327,5.688556
6212EH,50.836934,5.688344
6212EJ,50.837627,5.688265
6212EK,50.836518,5.689636
6212EL,50.83734,5.68813
6212EM,50.836303,5.689402
6212EN,50.838622,5.687965
6212EP,50.83751,5.69002
6212ER,50.838442,5.687862
6212ES,50.836947,5.690015
6212ET,50.839786,5.687572
6212EV,50.839837,5.687302
6212EW,50.839237,5.687041
6212EX,50.839847,5.686858
6212EZ,50.839973,5.686343
6212GA,50.8404,5.685458
6212GB,50.839557,5.686317
6212GC,50.840859,5.68417
6212GD,50.840194,5.685319
6212GE,50.839164,5.686366
6212GG,50.839031,5.684813
6212GH,50.838182,5.683022
6212GJ,50.839293,5.684732
6212GK,50.838578,5.682404
6212GL,50.840047,5.68427
6212GM,50.839644,5.684095
6212GN,50.83947,5.683797
6212GP,50.839878,5.683413
6212GR,50.840313,5.68297
6212GS,50.840831,5.682962
6212GT,50.839841,5.682603
6212GV,50.838855,5.683957
6212GW,50.839774,5.682172
6212GX,50.838812,5.68358
6212HA,50.839253,5.681795
6212HB,50.839202,5.681325
6212HC,50.839537,5.680761
6212HD,50.837506,5.681415
6212HH,50.838448,5.67915
6212NA,50.818968,5.693894
6212NC,50.830058,5.693867
6212NE,50.827282,5.690952
6212NH,50.837268,5.685942
6212NJ,50.825274,5.67497
6212NK,50.828579,5.672805
6212NL,50.834654,5.674798
6212XA,50.83842,5.685721
6212XB,50.836931,5.683049
6212XC,50.834847,5.681051
6212XD,50.833959,5.68031
6212XE,50.832958,5.679559
6212XG,50.831892,5.678688
6212XH,50.838634,5.685751
6212XJ,50.837946,5.68359
6212XK,50.835082,5.680563
6212XN,50.841391,5.697517
6212XR,50.839104,5.696069
6212XS,50.836635,5.695376
6212XV,50.836028,5.695517
6212XW,50.840678,5.697766
6212XX,50.840297,5.697403
6212XZ,50.839995,5.69719
6213AA,50.841836,5.681246
6213AB,50.841948,5.680139
6213AC,50.842225,5.680414
6213AD,50.841655,5.6802
6213AE,50.841023,5.678646
6213AJ,50.841184,5.678761
6213AK,50.84035,5.677609
6213AL,50.8403,5.676924
6213AM,50.838318,5.674206
6213AP,50.840066,5.676029
6213BA,50.841306,5.677538
6213BB,50.840362,5.676234
6213BD,50.83936,5.674396
6213BE,50.8376,5.672616
6213BG,50.843119,5.678928
6213BH,50.84172,5.677678
6213BJ,50.840753,5.6762
6213BK,50.839667,5.674417
6213BL,50.837478,5.672491
6213BP,50.838066,5.672188
6213BR,50.838026,5.671089
6213BS,50.838453,5.671059
6213BT,50.838898,5.669422
6213BV,50.838915,5.671523
6213CA,50.842164,5.677739
6213CB,50.841676,5.676378
6213CC,50.840543,5.674458
6213CD,50.841454,5.675595
6213CE,50.840409,5.67487
6213CG,50.842793,5.67638
6213CH,50.840791,5.673187
6213CJ,50.839339,5.669607
6213CK,50.842044,5.673986
6213CN,50.839979,5.671207
6213CP,50.839794,5.668886
6213CR,50.840592,5.672087
6213CS,50.840243,5.669969
6213CT,50.840295,5.669838
6213CV,50.840243,5.668975
6213CW,50.840703,5.66845
6213EB,50.838572,5.665473
6213EC,50.838588,5.665521
6213EG,50.835633,5.658282
6213EJ,50.835638,5.660437
6213EM,50.840147,5.666753
6213EN,50.840143,5.666749
6213EP,50.839902,5.666288
6213ER,50.839864,5.666217
6213ES,50.83948,5.665185
6213ET,50.839463,5.664916
6213EV,50.837293,5.665439
6213EW,50.837443,5.66525
6213EX,50.838502,5.663972
6213EZ,50.839111,5.664248
6213GA,50.84333,5.677765
6213GB,50.841726,5.670416
6213GC,50.837624,5.65968
6213GD,50.83468,5.652464
6213GE,50.837909,5.661679
6213GG,50.837814,5.662832
6213GH,50.837967,5.662625
6213GJ,50.836335,5.660634
6213GK,50.835355,5.662009
6213GL,50.837274,5.661099
6213GM,50.836817,5.659138
6213GP,50.836428,5.657775
6213GR,50.835103,5.660201
6213GS,50.834668,5.660323
6213GV,50.835746,5.66426
6213GW,50.834667,5.661572
6213GX,50.836027,5.65971
6213GZ,50.835957,5.659284
6213HD,50.833181,5.66154
6213HE,50.834269,5.656484
6213HG,50.83283,5.658796
6213HH,50.833544,5.657199
6213HK,50.834875,5.653879
6213HL,50.834465,5.654147
6213HN,50.834271,5.653012
6213HP,50.834195,5.652037
6213HR,50.833931,5.6527
6213HS,50.833636,5.651902
6213HT,50.83372,5.651436
6213HV,50.833696,5.653635
6213HW,50.833651,5.653082
6213HX,50.833253,5.652015
6213HZ,50.833325,5.650743
6213JA,50.832771,5.655793
6213JB,50.831799,5.658196
6213JC,50.833236,5.655657
6213JD,50.832124,5.65849
6213JG,50.833116,5.653839
6213JH,50.832811,5.654049
6213JK,50.832334,5.653967
6213JL,50.83257,5.653863
6213JN,50.832202,5.65462
6213JP,50.831885,5.654647
6213JR,50.831536,5.655916
6213JS,50.831514,5.657739
6213JT,50.831288,5.655666
6213JV,50.831121,5.657602
6213JW,50.831969,5.655142
6213JX,50.832137,5.656213
6213JZ,50.831999,5.656498
6213KA,50.831579,5.657096
6213KB,50.831844,5.657106
6213KD,50.831949,5.653186
6213KE,50.831329,5.65392
6213KG,50.832473,5.653242
6213NA,50.834764,5.674017
6213NB,50.823311,5.668299
6213NC,50.834022,5.671056
6213NE,50.833425,5.66762
6214AA,50.849021,5.675458
6214AB,50.849007,5.677515
6214AC,50.849056,5.677386
6214AD,50.848267,5.678148
6214AE,50.846968,5.679172
6214AG,50.845388,5.680399
6214AH,50.846833,5.678809
6214AJ,50.847748,5.678017
6214AK,50.847496,5.677898
6214AL,50.847724,5.676828
6214AM,50.848231,5.677115
6214AN,50.848783,5.67588
6214AP,50.847147,5.677504
6214AR,50.84707,5.677099
6214AS,50.846341,5.6776
6214AT,50.846785,5.678158
6214AV,50.846329,5.676776
6214AW,50.845914,5.679317
6214AX,50.844917,5.679152
6214AZ,50.845854,5.678869
6214BA,50.844363,5.679048
6214BB,50.844323,5.679433
6214BC,50.843723,5.676888
6214BD,50.843029,5.674062
6214BE,50.841608,5.668779
6214BG,50.843571,5.674941
6214BH,50.844814,5.680699
6214DA,50.848831,5.673515
6214PA,50.848122,5.672945
6214PB,50.848501,5.672772
6214PC,50.848244,5.675944
6214PD,50.848393,5.674536
6214PE,50.848347,5.675311
6214PG,50.847877,5.673928
6214PH,50.846831,5.671943
6214PJ,50.845866,5.670796
6214PK,50.847789,5.675877
6214PL,50.847209,5.674214
6214PM,50.84789,5.675656
6214PN,50.847404,5.674092
6214PP,50.847139,5.675944
6214PR,50.846707,5.674654
6214PS,50.847356,5.676015
6214PT,50.846882,5.674464
6214PV,50.846676,5.676488
6214PW,50.84633,5.675543
6214PX,50.84684,5.676399
6214PZ,50.84636,5.674944
6214RB,50.846055,5.675259
6214RC,50.844923,5.67612
6214RE,50.844854,5.675912
6214RG,50.844075,5.676606
6214RH,50.844206,5.676504
6214RJ,50.847831,5.675224
6214RK,50.845856,5.676478
6214RL,50.84441,5.677422
6214RM,50.847637,5.675019
6214RN,50.846457,5.675911
6214RP,50.845048,5.676645
6214RR,50.844318,5.677209
6214RS,50.845408,5.677581
6214RT,50.845582,5.677572
6214RV,50.845795,5.67703
6214RW,50.845975,5.677607
6214RX,50.846102,5.678367
6214RZ,50.845381,5.678541
6214SC,50.84466,5.678093
6214SE,50.844262,5.678115
6214SG,50.844902,5.677796
6214SH,50.844481,5.67627
6214SJ,50.845062,5.677683
6214SK,50.844605,5.676067
6214SL,50.846841,5.67363
6214SM,50.844731,5.675295
6214SN,50.844043,5.675806
6214SP,50.847279,5.672898
6214SR,50.846413,5.673545
6214ST,50.845289,5.674447
6214SV,50.844244,5.675255
6214SW,50.844422,5.674264
6214SX,50.844977,5.674189
6214SZ,50.844859,5.673923
6214TB,50.845387,5.673828
6214TC,50.846251,5.673092
6214TD,50.84614,5.672903
6214TE,50.845694,5.673538
6214TG,50.84598,5.672573
6214TH,50.844973,5.673353
6214TJ,50.845569,5.672338
6214TK,50.846097,5.672176
6214TL,50.846841,5.672545
6214TM,50.846126,5.671732
6214TN,50.845421,5.671682
6214TP,50.845319,5.671254
6214TR,50.845163,5.670976
6214TS,50.844377,5.670522
6214TT,50.844574,5.67174
6214TV,50.84372,5.672417
6214TW,50.843526,5.67175
6214TX,50.843375,5.671028
6214TZ,50.844944,5.670313
6214VG,50.843516,5.674234
6214VH,50.844081,5.674839
6214VJ,50.844348,5.672547
6214VK,50.843381,5.672252
6214VL,50.843099,5.671585
6214VM,50.842999,5.672071
6214VN,50.844172,5.670282
6214VS,50.844531,5.666938
6214VT,50.844693,5.666322
6214VV,50.8437,5.664138
6214VW,50.843708,5.665391
6214VX,50.843951,5.665764
6214VZ,50.843835,5.665301
6214XA,50.84191,5.667111
6214XC,50.843853,5.666624
6214XG,50.843812,5.668068
6214XH,50.843796,5.668834
6214XJ,50.843208,5.666996
6214XK,50.842632,5.666135
6214XL,50.842377,5.667427
6214XM,50.842186,5.669683
6214XN,50.842499,5.669356
6214XP,50.842344,5.668221
6214XX,50.84163,5.6677
6214XZ,50.842247,5.665503
6215AC,50.837904,5.659468
6215AD,50.835968,5.654848
6215AE,50.834585,5.651324
6215AG,50.835675,5.65176
6215AH,50.835941,5.653103
6215AJ,50.836289,5.652197
6215AK,50.837318,5.656452
6215BA,50.839659,5.649855
6215BB,50.839571,5.650082
6215BC,50.83947,5.650339
6215BD,50.83932,5.650763
6215BE,50.839211,5.651052
6215BG,50.839056,5.65144
6215BH,50.838939,5.651749
6215BJ,50.83883,5.652034
6215BK,50.8392,5.649114
6215BL,50.839212,5.649108
6215BM,50.83924,5.649137
6215BN,50.839222,5.64912
6215BP,50.839131,5.650064
6215BR,50.839202,5.648526
6215BS,50.838752,5.64872
6215BT,50.841634,5.644541
6215BV,50.83992,5.6467
6215BW,50.841212,5.644281
6215BX,50.840281,5.646437
6215EA,50.842521,5.642968
6215EB,50.842912,5.643626
6215EC,50.842485,5.645719
6215ED,50.842668,5.645839
6215EE,50.843075,5.644949
6215EG,50.840207,5.644188
6215EH,50.843258,5.646309
6215EJ,50.841919,5.645209
6215EK,50.843212,5.647141
6215EL,50.842223,5.646109
6215EM,50.84078,5.645139
6215EN,50.84074,5.645802
6215EP,50.840986,5.646839
6215ER,50.840413,5.647134
6215ES,50.841484,5.646566
6215ET,50.841017,5.6475
6215EV,50.841465,5.643317
6215EW,50.841648,5.643834
6215EX,50.839409,5.646584
6215EZ,50.839746,5.645551
6215GA,50.840936,5.647943
6215GB,50.841294,5.648058
6215GC,50.840894,5.648352
6215GD,50.840221,5.647583
6215GE,50.841986,5.6471
6215GG,50.842946,5.647846
6215GH,50.843295,5.648077
6215GJ,50.842525,5.647996
6215GK,50.841641,5.648585
6215JA,50.846051,5.649513
6215JB,50.845765,5.646749
6215JC,50.847169,5.647969
6215JD,50.846476,5.645143
6215JE,50.846853,5.645684
6215JG,50.847211,5.646808
6215JH,50.846651,5.646875
6215JJ,50.846664,5.648029
6215JK,50.846641,5.64875
6215JL,50.846634,5.649731
6215JM,50.846734,5.650802
6215JN,50.847224,5.643318
6215JP,50.84646,5.64213
6215JR,50.846247,5.643052
6215JS,50.845984,5.643803
6215JT,50.845899,5.644676
6215JV,50.845259,5.643269
6215KA,50.844458,5.647116
6215KB,50.844453,5.642931
6215KC,50.844524,5.643952
6215KD,50.844682,5.644985
6215KE,50.844807,5.645851
6215KG,50.844911,5.64667
6215KH,50.845018,5.64749
6215KJ,50.845153,5.648307
6215KK,50.84548,5.648845
6215KL,50.845352,5.649948
6215KM,50.84416,5.648137
6215KN,50.843495,5.64382
6215PH,50.84397,5.652397
6215PJ,50.844111,5.652491
6215PK,50.844287,5.652612
6215PL,50.844131,5.652337
6215PM,50.843945,5.651889
6215PN,50.844002,5.651681
6215PP,50.843307,5.650877
6215PR,50.84334,5.651058
6215PS,50.843524,5.651152
6215PT,50.84335,5.650898
6215PV,50.843136,5.650481
6215PW,50.843181,5.650262
6215PX,50.842551,5.649684
6215PZ,50.842379,5.649262
6215RA,50.838255,5.647215
6215RB,50.838469,5.646982
6215RE,50.838407,5.648388
6215RG,50.838816,5.649826
6215RH,50.838384,5.649452
6215RJ,50.837952,5.649034
6215RK,50.837966,5.647946
6215RL,50.837622,5.64734
6215RM,50.837815,5.649746
6215RN,50.837333,5.648503
6215RP,50.838222,5.649886
6215RR,50.837372,5.647694
6215RS,50.83744,5.650215
6215RT,50.838449,5.651318
6215RV,50.837597,5.650628
6215RW,50.83691,5.648976
6215RX,50.837524,5.649918
6215RZ,50.83699,5.648214
6215SC,50.837239,5.650728
6215SE,50.836653,5.64905
6215SG,50.837026,5.647269
6215SH,50.837056,5.646361
6215SJ,50.836451,5.647449
6215SL,50.84214,5.651946
6215SM,50.841887,5.651703
6215SN,50.841485,5.651308
6215SP,50.8413,5.651133
6215SR,50.840886,5.650735
6215ST,50.840633,5.650492
6215SV,50.840042,5.649982
6215SX,50.842669,5.653057
6215SZ,50.840995,5.651917
6215TA,50.84043,5.652306
6215TB,50.841329,5.652759
6215TC,50.8405,5.651963
6215TD,50.842002,5.652942
6215TE,50.841931,5.653817
6215TG,50.842395,5.653733
6215TH,50.842512,5.654113
6215TJ,50.842746,5.654383
6215TK,50.842869,5.654741
6215TL,50.842058,5.655293
6215TM,50.842301,5.655089
6215TN,50.841572,5.655803
6215TP,50.841919,5.655813
6215TR,50.842953,5.655185
6215TS,50.842988,5.655564
6215TT,50.841189,5.657112
6215TV,50.839385,5.65337
6215TW,50.841399,5.656756
6215TX,50.839853,5.653325
6215TZ,50.839076,5.652487
6215VE,50.840816,5.653432
6215VG,50.838144,5.653605
6215VH,50.840152,5.653037
6215VJ,50.840265,5.652742
6215VK,50.839569,5.651339
6215VL,50.838144,5.654747
6215VM,50.838595,5.653544
6215VN,50.838687,5.654375
6215VP,50.839371,5.654302
6215VR,50.839487,5.654
6215VS,50.839057,5.654946
6215VT,50.839172,5.654646
6215VV,50.838839,5.655687
6215VW,50.838955,5.655383
6215VX,50.838711,5.656096
6215VZ,50.839655,5.65529
6215XA,50.840286,5.656516
6215XB,50.840605,5.657164
6215XC,50.841015,5.657765
6215XD,50.840744,5.656375
6215XG,50.840327,5.658101
6215XH,50.839442,5.65803
6215XJ,50.839911,5.658454
6215XK,50.838872,5.658111
6215XL,50.839317,5.658504
6215XM,50.838983,5.659195
6215XN,50.838568,5.658133
6215XP,50.838739,5.659581
6215XR,50.838338,5.658533
6215XS,50.837861,5.657541
6215XT,50.837663,5.6568
6215XV,50.840257,5.658975
6215XW,50.839667,5.659902
6215XX,50.839265,5.660572
6216AB,50.853501,5.658257
6216AC,50.853942,5.656921
6216AD,50.85447,5.655313
6216AE,50.854008,5.657922
6216AG,50.854357,5.656865
6216AH,50.854704,5.655806
6216AJ,50.854041,5.655032
6216AK,50.85377,5.654475
6216AL,50.853069,5.656297
6216AM,50.8533,5.655078
6216AN,50.853812,5.655928
6216AP,50.853755,5.655419
6216AR,50.853582,5.656814
6216AS,50.853535,5.656351
6216AT,50.853302,5.657748
6216AV,50.853239,5.659355
6216AW,50.853372,5.660579
6216AX,50.853543,5.659654
6216AZ,50.852819,5.659761
6216BA,50.852719,5.66051
6216BB,50.85247,5.660958
6216BC,50.852488,5.657499
6216BD,50.852653,5.656539
6216BE,50.852846,5.655419
6216BG,50.853109,5.654147
6216BH,50.851816,5.659246
6216BJ,50.852338,5.658821
6216BK,50.851647,5.660319
6216BL,50.852021,5.660146
6216BM,50.849989,5.659589
6216BN,50.850692,5.659871
6216BR,50.850249,5.668002
6216BS,50.851297,5.667355
6216BT,50.851792,5.666853
6216BV,50.852013,5.666173
6216BW,50.85323,5.663133
6216BX,50.849108,5.668771
6216BZ,50.84912,5.667208
6216CA,50.850198,5.668951
6216CB,50.850057,5.668687
6216CC,50.849907,5.668412
6216CD,50.848932,5.665551
6216CH,50.849758,5.666702
6216CJ,50.849876,5.666849
6216CK,50.849848,5.666336
6216CL,50.84954,5.665229
6216CP,50.852323,5.660271
6216CR,50.85093,5.665117
6216CS,50.849765,5.664705
6216CT,50.84962,5.664909
6216CV,50.849347,5.664853
6216EA,50.846808,5.664906
6216EC,50.845724,5.659458
6216ED,50.845432,5.658763
6216EG,50.847606,5.669602
6216EM,50.848023,5.665225
6216EN,50.847358,5.665872
6216EP,50.847711,5.664478
6216ER,50.846697,5.667547
6216ES,50.846,5.667869
6216ET,50.848037,5.666657
6216EV,50.846877,5.666384
6216NS,50.843956,5.656239
6216NT,50.842764,5.657278
6216NV,50.844215,5.65546
6216NW,50.84357,5.656042
6216NX,50.843104,5.656495
6216NZ,50.842437,5.657182
6216PC,50.844572,5.655956
6216PD,50.84239,5.658395
6216PE,50.843097,5.659121
6216PG,50.843086,5.658537
6216PH,50.844185,5.658831
6216PJ,50.844011,5.659738
6216PK,50.843043,5.660725
6216PL,50.843922,5.66132
6216PM,50.843976,5.660544
6216PN,50.844991,5.659947
6216PP,50.844765,5.661567
6216PR,50.843434,5.65785
6216PS,50.844524,5.659637
6216PT,50.844478,5.664085
6216PV,50.844685,5.66397
6216PW,50.844943,5.663485
6216PX,50.8453,5.663135
6216PZ,50.845023,5.662983
6216RA,50.845399,5.662186
6216RB,50.845679,5.661387
6216RC,50.845384,5.661653
6216RD,50.844387,5.662373
6216RE,50.845999,5.662399
6216RG,50.846755,5.663141
6216RH,50.846337,5.661161
6216RJ,50.847274,5.663162
6216RK,50.847192,5.66346
6216RL,50.8462,5.664316
6216RM,50.845677,5.664885
6216RN,50.845237,5.665279
6216RP,50.844903,5.66529
6216RR,50.845402,5.664538
6216RS,50.846374,5.663482
6216RT,50.846995,5.662665
6216RV,50.847895,5.661448
6216RW,50.846894,5.662194
6216RX,50.845752,5.663295
6216RZ,50.847463,5.661092
6216SB,50.848291,5.660375
6216SC,50.847492,5.660335
6216SE,50.847388,5.659982
6216SG,50.847183,5.656455
6216SH,50.847803,5.656861
6216SJ,50.846866,5.65862
6216SK,50.847358,5.657739
6216SL,50.846814,5.657367
6216SM,50.846148,5.658323
6216SN,50.845741,5.657187
6216SP,50.845403,5.656309
6216SR,50.8461,5.657177
6216ST,50.846254,5.656779
6216SV,50.848238,5.662447
6216SW,50.846708,5.657972
6216SX,50.848093,5.660823
6216SZ,50.846535,5.655429
6216TA,50.847209,5.655416
6216TB,50.846828,5.65518
6216TC,50.845192,5.655393
6216TD,50.844724,5.656482
6216TE,50.846187,5.65477
6216TG,50.843443,5.657257
6216TH,50.846036,5.654348
6216TJ,50.84648,5.653381
6216TK,50.845734,5.654058
6216TL,50.84544,5.654351
6216TM,50.845042,5.654743
6216TN,50.846988,5.653753
6216TP,50.847672,5.653901
6216TR,50.84932,5.65801
6216TS,50.848787,5.654254
6216VA,50.850743,5.658864
6216VB,50.851268,5.659391
6216VC,50.85272,5.65886
6216VD,50.849953,5.658383
6216VG,50.853029,5.658112
6216VH,50.851338,5.6572
6216VJ,50.85014,5.657756
6216VK,50.850011,5.657167
6216VL,50.849434,5.65635
6216VM,50.849175,5.654444
6216VN,50.849448,5.655208
6216VP,50.850073,5.656137
6216VR,50.849811,5.655244
6216VS,50.849815,5.654264
6216VT,50.849501,5.653378
6216VV,50.850542,5.656917
6216VW,50.850299,5.655081
6216VX,50.85004,5.653293
6216VZ,50.850509,5.653803
6216XB,50.852234,5.6552
6216XC,50.852127,5.654659
6216XD,50.850964,5.654489
6216XE,50.85082,5.653624
6216XG,50.851169,5.653607
6216XH,50.851513,5.653632
6216XJ,50.851877,5.653628
6216XK,50.85252,5.653975
6216XL,50.852195,5.655885
6216XM,50.852028,5.656862
6216XN,50.852191,5.653909
6216XP,50.854036,5.654124
6216XR,50.852226,5.653004
6216XS,50.849972,5.652739
6217AB,50.857143,5.660288
6217AC,50.857637,5.658799
6217AD,50.856722,5.660255
6217AE,50.857038,5.659313
6217AG,50.857423,5.658159
6217AH,50.860862,5.661677
6217AJ,50.858822,5.658083
6217AK,50.858932,5.658831
6217AL,50.858189,5.658163
6217AM,50.857814,5.659293
6217AN,50.858014,5.659544
6217AP,50.858307,5.659724
6217AR,50.858524,5.660036
6217AS,50.857416,5.660948
6217AT,50.857992,5.661291
6217AV,50.858751,5.660262
6217AW,50.859441,5.65945
6217BA,50.860218,5.660957
6217BB,50.859334,5.662153
6217BC,50.858671,5.662992
6217BD,50.859954,5.65994
6217BE,50.85976,5.660811
6217BG,50.859156,5.661267
6217BH,50.858847,5.661666
6217BJ,50.858441,5.662526
6217BK,50.860379,5.662172
6217BL,50.860595,5.661975
6217BM,50.859956,5.662611
6217BN,50.86014,5.662386
6217BP,50.859439,5.663093
6217BR,50.859713,5.662802
6217BS,50.859134,5.663382
6217BT,50.860116,5.663526
6217BV,50.857257,5.662441
6217BW,50.856688,5.66188
6217BX,50.857001,5.661592
6217CA,50.856353,5.662372
6217CB,50.857135,5.664483
6217CC,50.856402,5.66348
6217CD,50.856678,5.663042
6217CE,50.858195,5.664067
6217CG,50.855723,5.661922
6217CP,50.860275,5.670989
6217CR,50.85967,5.669316
6217CS,50.859319,5.667532
6217CT,50.860722,5.670472
6217CV,50.860512,5.669601
6217CW,50.860292,5.668758
6217CX,50.860958,5.666277
6217CZ,50.859756,5.667227
6217EE,50.860748,5.667209
6217EG,50.860876,5.666877
6217EH,50.860929,5.667992
6217EJ,50.860968,5.667637
6217EK,50.860123,5.668099
6217EL,50.861135,5.66898
6217EM,50.861088,5.668459
6217EN,50.861356,5.66962
6217EP,50.86135,5.667682
6217ER,50.861942,5.669402
6217ES,50.861536,5.667281
6217ET,50.861934,5.670989
6217EV,50.861095,5.671055
6217EW,50.861583,5.670319
6217EZ,50.862529,5.671226
6217GA,50.862226,5.669296
6217GB,50.861831,5.667226
6217GD,50.862512,5.674181
6217GE,50.8617,5.675601
6217GG,50.861879,5.672954
6217GH,50.861512,5.672664
6217GJ,50.862259,5.673931
6217GK,50.861549,5.675165
6217GL,50.861775,5.674234
6217GM,50.861767,5.673593
6217GN,50.861391,5.673989
6217GP,50.852622,5.671082
6217GR,50.854164,5.671023
6217GS,50.85473,5.671188
6217GT,50.855513,5.671305
6217GV,50.857015,5.671438
6217GW,50.85898,5.67156
6217GX,50.860839,5.67167
6217GZ,50.862391,5.671772
6217HA,50.852837,5.671679
6217HB,50.857155,5.671981
6217HC,50.859654,5.672108
6217HD,50.862236,5.672289
6217HE,50.855513,5.67063
6217HG,50.854919,5.670253
6217HH,50.855137,5.670393
6217HJ,50.854444,5.670338
6217HK,50.853898,5.670413
6217HL,50.853254,5.670465
6217HM,50.853471,5.67043
6217HN,50.854062,5.669687
6217HP,50.854134,5.669027
6217HR,50.853333,5.6693
6217HS,50.853541,5.669304
6217HT,50.85417,5.668175
6217HV,50.855205,5.668995
6217HW,50.85432,5.668009
6217HX,50.853882,5.668575
6217HZ,50.853875,5.667148
6217JA,50.855586,5.668733
6217JB,50.854647,5.667633
6217JD,50.852079,5.670221
6217JE,50.852985,5.668295
6217JG,50.852648,5.669904
6217JH,50.853203,5.668652
6217JJ,50.851429,5.670524
6217JK,50.851898,5.669724
6217JL,50.850143,5.671298
6217JM,50.850307,5.672389
6217JN,50.850816,5.671792
6217JP,50.851586,5.67158
6217JR,50.849738,5.671411
6217JS,50.849408,5.671924
6217JT,50.850285,5.670572
6217JV,50.850643,5.670016
6217JW,50.852073,5.668528
6217JX,50.852417,5.667897
6217JZ,50.852906,5.66723
6217KA,50.849367,5.67575
6217KB,50.849241,5.674195
6217KC,50.849178,5.672603
6217KD,50.853852,5.682812
6217KE,50.852834,5.681677
6217KG,50.852098,5.680598
6217KH,50.851062,5.679114
6217KJ,50.850461,5.678243
6217KK,50.851436,5.675195
6217KL,50.850551,5.67681
6217KM,50.851108,5.675139
6217KN,50.850173,5.676195
6217KP,50.85072,5.674851
6217KR,50.850349,5.675021
6217KS,50.84978,5.676024
6217KT,50.849974,5.674694
6217KV,50.849958,5.674467
6217KW,50.850245,5.673532
6217KX,50.849598,5.673674
6217KZ,50.850134,5.67331
6217LA,50.850721,5.673743
6217LB,50.851102,5.67385
6217LC,50.851149,5.674516
6217LD,50.851366,5.672836
6217LE,50.851244,5.672475
6217LG,50.852003,5.672412
6217LH,50.851643,5.672592
6217LJ,50.852019,5.672053
6217LK,50.852713,5.672875
6217LL,50.853372,5.673405
6217LM,50.852224,5.673253
6217LN,50.852792,5.672685
6217LP,50.85365,5.673023
6217LR,50.851517,5.673514
6217LS,50.851742,5.673249
6217LT,50.851902,5.675339
6217LV,50.852329,5.674948
6217LW,50.855391,5.673932
6217LX,50.853621,5.674416
6217LZ,50.85272,5.673969
6217NB,50.855065,5.675681
6217NC,50.854988,5.675044
6217ND,50.855723,5.67545
6217NE,50.854665,5.675863
6217NH,50.856515,5.672983
6217NK,50.8572,5.672652
6217NN,50.857902,5.673459
6217NP,50.859509,5.672631
6217NR,50.85865,5.672719
6217NS,50.85743,5.673209
6217NV,50.857892,5.674901
6217NW,50.857017,5.674046
6217NX,50.858092,5.674557
6217NZ,50.85794,5.674029
6217PA,50.858823,5.674154
6217PB,50.859689,5.675528
6217PH,50.86053,5.674038
6217PJ,50.860477,5.672409
6217PK,50.860929,5.674251
6217PX,50.853765,5.675355
6217RA,50.854259,5.665648
6217VE,50.856546,5.669248
6217VG,50.85537,5.664737
6217VH,50.855367,5.663235
6217VJ,50.85583,5.662367
6217VK,50.855725,5.663543
6217VL,50.856142,5.663954
6217VM,50.856509,5.664683
6217VN,50.856359,5.664316
6217VP,50.856771,5.665092
6217VR,50.857048,5.665488
6217VT,50.855703,5.66451
6217VW,50.858522,5.667743
6217VX,50.858097,5.667953
6217VZ,50.857397,5.668468
6217XC,50.858558,5.66868
6217XD,50.857189,5.669559
6217XE,50.858514,5.668349
6217XG,50.857119,5.669237
6217XH,50.859215,5.669302
6217XJ,50.858704,5.669128
6217XK,50.857291,5.669955
6217XL,50.85777,5.67013
6217XM,50.858049,5.670093
6217XN,50.858446,5.670011
6217XP,50.858803,5.669935
6217XS,50.859908,5.671044
6217XT,50.859298,5.670951
6217XV,50.858581,5.670861
6217XW,50.857174,5.670757
6217XZ,50.855989,5.670264
6218AA,50.862555,5.667217
6218AG,50.859892,5.656079
6218AH,50.86031,5.655924
6218AJ,50.860632,5.656703
6218AK,50.862536,5.65594
6218AL,50.862132,5.65632
6218AM,50.861789,5.656866
6218AN,50.861294,5.657134
6218AP,50.860941,5.657672
6218AR,50.860762,5.658009
6218AS,50.861452,5.656335
6218AT,50.861311,5.655379
6218AV,50.863758,5.655188
6218AW,50.858896,5.656183
6218AX,50.859044,5.656444
6218AZ,50.863975,5.654574
6218BC,50.863905,5.656219
6218BE,50.866658,5.657349
6218BK,50.864213,5.657249
6218BP,50.864412,5.656944
6218BR,50.864413,5.656948
6218BS,50.863788,5.65769
6218BT,50.86398,5.657502
6218BV,50.863446,5.658047
6218BW,50.862877,5.658633
6218BX,50.862381,5.659146
6218BZ,50.861886,5.659661
6218CB,50.863361,5.656425
6218CC,50.863137,5.657018
6218CD,50.862889,5.657739
6218CE,50.862239,5.6576
6218CG,50.862026,5.658186
6218CH,50.861851,5.658813
6218CJ,50.861197,5.65868
6218CK,50.860997,5.659243
6218CM,50.8622,5.66226
6218CN,50.862371,5.66191
6218CP,50.861466,5.660091
6218CR,50.863348,5.659325
6218CS,50.863125,5.659164
6218CT,50.862128,5.660202
6218CV,50.863522,5.660187
6218CW,50.864311,5.658772
6218CX,50.864551,5.65922
6218CZ,50.864791,5.65967
6218DA,50.861569,5.662554
6218EA,50.865033,5.660111
6218EB,50.864385,5.660314
6218EC,50.864044,5.660672
6218ED,50.863612,5.661122
6218EE,50.862975,5.661161
6218EG,50.862557,5.66139
6218EH,50.862928,5.661989
6218EJ,50.861919,5.662724
6218EK,50.862126,5.663352
6218EL,50.864658,5.661021
6218EM,50.862976,5.662705
6218EN,50.863499,5.663061
6218EP,50.864551,5.661966
6218ER,50.867757,5.657787
6218ES,50.867435,5.659258
6218ET,50.866963,5.659696
6218EV,50.866621,5.661268
6218EW,50.866372,5.66051
6218EX,50.866556,5.66001
6218GA,50.867427,5.659866
6218GB,50.865383,5.662633
6218GC,50.863868,5.665546
6218GD,50.863698,5.665261
6218GE,50.864257,5.666114
6218GG,50.864077,5.66592
6218GH,50.864344,5.666321
6218GJ,50.864738,5.664633
6218GK,50.864397,5.663446
6218GL,50.865313,5.663926
6218GM,50.865754,5.663262
6218GN,50.866213,5.662632
6218GP,50.866577,5.662107
6218GR,50.862323,5.664633
6218GT,50.866207,5.664114
6218GV,50.868001,5.660376
6218GW,50.867498,5.661403
6218GX,50.866801,5.662818
6218GZ,50.864673,5.666167
6218HA,50.868302,5.659647
6218HB,50.868445,5.659389
6218HC,50.868614,5.660945
6218HD,50.868289,5.661623
6218HE,50.868017,5.662226
6218HG,50.863912,5.66886
6218HH,50.864208,5.668572
6218HJ,50.864455,5.667723
6218HK,50.864029,5.669746
6218HL,50.866146,5.665556
6218HM,50.868775,5.66132
6218HN,50.864458,5.669502
6218HP,50.866326,5.666072
6218HS,50.864984,5.670994
6218HT,50.865122,5.670707
6218HW,50.864875,5.67192
6218NA,50.877296,5.672557
6218NB,50.878963,5.671844
6218NC,50.870318,5.669771
6218ND,50.869659,5.66891
6218NE,50.870047,5.669264
6218RB,50.861319,5.651829
6218RC,50.861096,5.651144
6218RD,50.860888,5.650465
6218RE,50.860656,5.649807
6218RG,50.860412,5.649152
6218RH,50.860252,5.64859
6218RJ,50.85896,5.644001
6218RK,50.86269,5.646326
6218RL,50.862927,5.646989
6218RM,50.86316,5.647657
6218RN,50.863075,5.649589
6218RP,50.863571,5.648982
6218RR,50.862706,5.64865
6218RS,50.862166,5.647151
6218RT,50.862583,5.647652
6218RV,50.862514,5.649714
6218RW,50.861745,5.64765
6218RX,50.862667,5.649398
6218RZ,50.861917,5.64736
6218SB,50.86267,5.65345
6218SC,50.862926,5.653598
6218SE,50.860421,5.646737
6218SG,50.86235,5.645895
6218SH,50.861969,5.645755
6218SJ,50.862376,5.650915
6218SK,50.863105,5.652007
6218SL,50.862257,5.649964
6218SM,50.861359,5.648358
6218SN,50.860124,5.655076
6218SP,50.860668,5.654511
6218SR,50.861201,5.653207
6218ST,50.860039,5.654405
6218SV,50.861071,5.654095
6218SW,50.861607,5.653315
6218SX,50.861847,5.653859
6218SZ,50.862067,5.65439
6218TA,50.862296,5.654942
6218TB,50.862971,5.655573
6218TC,50.863101,5.650779
6218TD,50.863375,5.651787
6218TE,50.863516,5.651471
6218TG,50.863758,5.651221
6218TH,50.863895,5.650887
6218TJ,50.864154,5.650624
6218TK,50.864322,5.650369
6218TL,50.864222,5.648973
6218VA,50.865233,5.652273
6218VB,50.866523,5.65476
6218VC,50.863217,5.653358
6218VD,50.865221,5.656289
6218VG,50.86467,5.65645
6218VH,50.863301,5.6544
6218VJ,50.864169,5.651941
6218VK,50.864803,5.653243
6218VL,50.864854,5.653387
6218VM,50.865464,5.653532
6218VN,50.864705,5.654322
6218VP,50.86494,5.653554
6218VR,50.86567,5.654211
6218VS,50.864874,5.65504
6218VT,50.865225,5.654248
6218VV,50.865807,5.654628
6218VW,50.864624,5.655856
6218VX,50.865541,5.652119
6218VZ,50.866285,5.652358
6218WB,50.86514,5.64927
6218WC,50.865065,5.649295
6218WD,50.864248,5.647104
6218WE,50.864127,5.647217
6218WG,50.863577,5.645103
6218WH,50.863455,5.645192
6218XA,50.866083,5.651872
6218XB,50.865879,5.651382
6218XC,50.865842,5.650816
6218XD,50.866831,5.653585
6218XG,50.866689,5.653251
6218XX,50.867019,5.65384
6218XZ,50.867081,5.653413
6219AA,50.862636,5.68819
6219AB,50.860847,5.68922
6219AC,50.867033,5.685427
6219AD,50.861231,5.691079
6219AE,50.860612,5.690137
6219AG,50.861661,5.691176
6219AH,50.861435,5.690791
6219AJ,50.861421,5.690058
6219AK,50.862611,5.692251
6219AL,50.860835,5.689681
6219AM,50.861254,5.690368
6219AN,50.861145,5.689932
6219AP,50.86182,5.689579
6219AR,50.861937,5.689351
6219AS,50.861788,5.689418
6219AT,50.862114,5.690366
6219AV,50.862334,5.689703
6219AW,50.862423,5.691636
6219AX,50.86331,5.689305
6219AZ,50.86266,5.692303
6219BA,50.863915,5.691359
6219BB,50.863222,5.691085
6219BC,50.863323,5.690485
6219BD,50.863901,5.689994
6219BE,50.863956,5.688668
6219BG,50.864365,5.690603
6219BH,50.864492,5.690305
6219BJ,50.864454,5.689572
6219BK,50.864587,5.689258
6219BM,50.86506,5.690594
6219BN,50.865214,5.689327
6219BP,50.863997,5.691971
6219BR,50.86411,5.692736
6219BS,50.863962,5.69337
6219BT,50.863733,5.694134
6219BV,50.863518,5.693763
6219BW,50.862914,5.691852
6219BX,50.862801,5.692468
6219BZ,50.862997,5.692671
6219CZ,50.864247,5.688169
6219NA,50.871103,5.68421
6219NB,50.867924,5.689552
6219ND,50.875195,5.680626
6219NE,50.865232,5.687164
6219NG,50.879798,5.678228
6219NK,50.879373,5.677447
6219NL,50.879885,5.676032
6219NM,50.864735,5.68611
6219NN,50.86545,5.685374
6219NP,50.869998,5.672973
6219NW,50.862549,5.681287
6219PE,50.855467,5.682355
6221AB,50.858597,5.700323
6221AC,50.850495,5.699627
6221AD,50.852218,5.698619
6221AE,50.856553,5.699441
6221AG,50.854609,5.699261
6221AH,50.853242,5.698936
6221AK,50.85309,5.699477
6221AL,50.853475,5.700594
6221AM,50.852905,5.700737
6221AN,50.852096,5.699924
6221AP,50.852004,5.700652
6221AR,50.851908,5.702109
6221AS,50.85221,5.701238
6221AT,50.851827,5.70116
6221AV,50.851113,5.702339
6221AW,50.850573,5.700198
6221AX,50.851418,5.702441
6221AZ,50.851018,5.69891
6221BA,50.851119,5.699281
6221BB,50.853658,5.702464
6221BC,50.852831,5.702985
6221BD,50.851352,5.703804
6221BE,50.851732,5.699484
6221BG,50.850107,5.701994
6221BH,50.848381,5.702866
6221BJ,50.847721,5.70318
6221BK,50.850655,5.700792
6221BL,50.848481,5.702159
6221BM,50.849499,5.704054
6221BN,50.849437,5.702458
6221BP,50.849826,5.703849
6221BR,50.849726,5.7019
6221BS,50.848347,5.705234
6221BV,50.848661,5.704174
6221BW,50.848502,5.700272
6221BX,50.848788,5.703558
6221BZ,50.848664,5.700257
6221CA,50.850708,5.703121
6221CB,50.849803,5.703018
6221CC,50.848202,5.704259
6221CD,50.850347,5.702816
6221CE,50.848552,5.703705
6221CG,50.847778,5.704021
6221CH,50.848999,5.701317
6221CJ,50.85004,5.700363
6221CK,50.848005,5.70167
6221CL,50.847461,5.704618
6221CM,50.84678,5.701553
6221CN,50.847164,5.700978
6221CP,50.847324,5.699305
6221CR,50.847382,5.701166
6221CS,50.847487,5.699607
6221CT,50.849615,5.699586
6221CV,50.847805,5.699637
6221CW,50.849365,5.699252
6221CX,50.848198,5.699281
6221CZ,50.848063,5.700315
6221DB,50.847257,5.702291
6221EA,50.849382,5.700368
6221EB,50.849371,5.698646
6221EC,50.849626,5.700123
6221ED,50.849562,5.698399
6221EE,50.849981,5.698611
6221EG,50.848871,5.698406
6221EH,50.848016,5.698407
6221EJ,50.849997,5.698362
6221EK,50.8489,5.698139
6221EL,50.848098,5.698114
6221EM,50.850368,5.697959
6221EN,50.850061,5.697544
6221EP,50.849817,5.697917
6221ER,50.848784,5.697847
6221ET,50.848992,5.698782
6221EV,50.84759,5.698015
6221EW,50.847265,5.698699
6221EZ,50.849118,5.69761
6221GA,50.848152,5.697499
6221GB,50.847518,5.698147
6221GD,50.846619,5.705878
6221GE,50.844997,5.705752
6221GG,50.843706,5.704906
6221GH,50.843025,5.704609
6221GJ,50.846188,5.705583
6221GK,50.843868,5.707434
6221HA,50.84478,5.705902
6221HB,50.844776,5.705897
6221HC,50.844698,5.706385
6221HD,50.845001,5.705132
6221HE,50.844965,5.70696
6221HG,50.845129,5.706052
6221HH,50.845643,5.707004
6221HJ,50.845638,5.707002
6221JA,50.847073,5.704032
6221JB,50.846706,5.704185
6221JC,50.846402,5.704332
6221JD,50.845872,5.706395
6221JE,50.844128,5.703671
6221JG,50.843351,5.703481
6221JH,50.846251,5.705409
6221JJ,50.846134,5.704023
6221JK,50.845784,5.704335
6221JL,50.845666,5.702827
6221JM,50.845202,5.703986
6221JN,50.846462,5.703785
6221JP,50.846499,5.700067
6221JR,50.844753,5.704258
6221KM,50.844018,5.701735
6221KN,50.844323,5.700689
6221KR,50.844874,5.701528
6221KS,50.844386,5.701173
6221KT,50.845549,5.701437
6221KV,50.845844,5.702329
6221KZ,50.84332,5.70197
6221SG,50.841972,5.705553
6221SJ,50.84099,5.712283
6221SK,50.840691,5.708116
6221SP,50.841327,5.705487
6221SR,50.841377,5.706626
6221ST,50.841766,5.706962
6221SW,50.841111,5.708535
6221SX,50.842076,5.708663
6221SZ,50.841062,5.70977
6221TA,50.84216,5.70568
6221TB,50.841409,5.712414
6221TC,50.841659,5.712519
6221TD,50.841304,5.711426
6221TE,50.841733,5.711117
6221TG,50.842066,5.712126
6221TH,50.84227,5.711086
6221TJ,50.842427,5.710822
6221TK,50.842905,5.710699
6221TM,50.84322,5.709757
6221TN,50.842832,5.709327
6221TP,50.84344,5.710025
6221TR,50.843561,5.708825
6221TS,50.844813,5.708025
6221TT,50.844283,5.709153
6221TV,50.843855,5.709192
6221TW,50.843563,5.710422
6221TX,50.842856,5.711765
6221TZ,50.841853,5.713236
6221VA,50.846534,5.706621
6221VB,50.844264,5.707958
6221VC,50.843356,5.708253
6221VD,50.842479,5.70857
6221VE,50.844395,5.70746
6221VG,50.84314,5.707885
6221VH,50.843179,5.707437
6221VJ,50.842869,5.707222
6221VK,50.843378,5.706535
6221VM,50.842242,5.706978
6221VN,50.842539,5.705827
6221VP,50.842591,5.706899
6221VR,50.843738,5.706341
6221VS,50.842384,5.705035
6221VT,50.844221,5.7064
6221VV,50.843194,5.705195
6221VW,50.844314,5.705564
6221VX,50.852061,5.702776
6221VZ,50.852265,5.702756
6221XA,50.852944,5.702296
6221XB,50.852496,5.702569
6221XC,50.852622,5.702193
6221XD,50.853067,5.702041
6221XE,50.853213,5.701824
6221XG,50.853548,5.70191
6221XH,50.85382,5.7015
6221XJ,50.853692,5.699798
6221XK,50.85402,5.700723
6221XL,50.854634,5.701187
6221XM,50.855086,5.701223
6221XN,50.854512,5.70066
6221XP,50.855038,5.700007
6221XR,50.855068,5.70076
6221XS,50.855201,5.700883
6221XT,50.855804,5.700031
6221XV,50.855547,5.700226
6221XW,50.85564,5.701011
6221XX,50.85614,5.700302
6221XZ,50.856329,5.700314
6221ZB,50.854443,5.699993
6222AA,50.864179,5.700078
6222AE,50.865999,5.715142
6222AG,50.863508,5.712704
6222AH,50.861809,5.711458
6222AJ,50.860412,5.710471
6222AK,50.864935,5.713214
6222AL,50.861577,5.7108
6222AM,50.872899,5.724601
6222AP,50.86078,5.708831
6222AR,50.86039,5.708469
6222AS,50.860405,5.708753
6222AT,50.860341,5.709328
6222BA,50.862811,5.71081
6222BB,50.861725,5.709756
6222BC,50.860978,5.709846
6222BD,50.867232,5.705952
6222BE,50.865936,5.708418
6222BG,50.866626,5.70612
6222BH,50.86588,5.7073
6222BJ,50.865085,5.708557
6222BL,50.866598,5.7093
6222BM,50.867032,5.708979
6222BN,50.866559,5.7095
6222BP,50.866623,5.710277
6222BR,50.865922,5.709522
6222BS,50.866435,5.709683
6222BT,50.867839,5.709213
6222BV,50.868847,5.706703
6222BW,50.868043,5.709401
6222BX,50.867826,5.705626
6222BZ,50.867685,5.70882
6222CA,50.86743,5.708525
6222CB,50.866866,5.707821
6222CC,50.866668,5.70768
6222CD,50.867423,5.707774
6222CE,50.867672,5.707651
6222CG,50.867768,5.707447
6222CH,50.867494,5.706722
6222CJ,50.868143,5.707096
6222CL,50.864912,5.706822
6222CM,50.864826,5.706481
6222CN,50.866316,5.705455
6222CP,50.865381,5.707044
6222CR,50.864693,5.708444
6222CS,50.865252,5.706603
6222CT,50.864003,5.709044
6222CX,50.864143,5.707761
6222CZ,50.864567,5.706
6222EA,50.865083,5.705547
6222EB,50.86408,5.704754
6222EC,50.864832,5.705028
6222ED,50.863303,5.704007
6222EG,50.862984,5.70564
6222EH,50.864094,5.707059
6222EJ,50.863175,5.706316
6222EK,50.863875,5.706576
6222EL,50.863249,5.706055
6222EM,50.865307,5.704612
6222EP,50.863677,5.705432
6222NA,50.870831,5.7073
6222NE,50.871749,5.710363
6222NG,50.869069,5.711943
6222NZ,50.875696,5.714087
6222PD,50.890239,5.71902
6222PE,50.882605,5.72514
6222PG,50.881046,5.729249
6222PH,50.875618,5.731672
6222SG,50.867303,5.719367
6222SH,50.865816,5.71934
6222SJ,50.864385,5.718478
6222SK,50.865101,5.718646
6222SM,50.866307,5.718562
6222SN,50.866859,5.718715
6222SP,50.866263,5.717904
6222SR,50.866974,5.718502
6222ST,50.866314,5.717588
6222SV,50.867351,5.71845
6222SW,50.866557,5.717242
6222SX,50.866713,5.717097
6222TB,50.867138,5.716698
6222TC,50.867012,5.716447
6222TD,50.864724,5.71764
6222TE,50.866055,5.715594
6222TG,50.866128,5.716423
6222TJ,50.863636,5.717427
6222TL,50.864098,5.717213
6222TM,50.863566,5.716448
6222TN,50.864314,5.716399
6222TP,50.863834,5.715659
6222TR,50.86393,5.715202
6222TS,50.864911,5.715686
6222TT,50.864154,5.715021
6222TV,50.864974,5.715166
6222TW,50.864232,5.714561
6222TX,50.865202,5.715008
6222TZ,50.86442,5.714182
6222VB,50.862749,5.71512
6222VC,50.862573,5.715499
6222VD,50.863316,5.713504
6222VE,50.863677,5.714504
6222VG,50.863969,5.713572
6222VH,50.863223,5.715453
6222VJ,50.862946,5.714386
6222VK,50.86212,5.714802
6222VL,50.862922,5.713354
6222VM,50.862946,5.71373
6222VR,50.862207,5.713835
6222VV,50.861392,5.714034
6222VW,50.860276,5.712954
6222VX,50.861493,5.713768
6222VZ,50.860272,5.71259
6222WB,50.861465,5.713187
6222WD,50.860924,5.712491
6222WE,50.860722,5.711475
6222WH,50.860973,5.711956
6222WJ,50.861332,5.711676
6222WK,50.861299,5.711195
6222WL,50.86119,5.711208
6222XD,50.860118,5.711459
6222XE,50.860352,5.711726
6222XG,50.859413,5.711615
6222XH,50.859633,5.710719
6222XJ,50.85976,5.710186
6222XK,50.859853,5.711377
6222XL,50.862547,5.716622
6222XM,50.8621,5.716058
6222XN,50.861562,5.715538
6222XP,50.861116,5.714977
6222XR,50.860621,5.714503
6222XS,50.860164,5.713943
6222XT,50.859695,5.713449
6222XV,50.859367,5.713095
6222XW,50.862262,5.715294
6222XX,50.861012,5.714257
6222XZ,50.859984,5.71305
6223AB,50.869218,5.698493
6223AC,50.874279,5.689558
6223AD,50.874864,5.687819
6223AE,50.874683,5.687856
6223AG,50.875661,5.68866
6223AH,50.875082,5.689473
6223AJ,50.875128,5.689155
6223AK,50.876268,5.689611
6223AL,50.876064,5.689491
6223AM,50.875964,5.690838
6223AN,50.875142,5.690723
6223AP,50.87487,5.691452
6223AR,50.875624,5.691481
6223AS,50.876733,5.690793
6223AT,50.876597,5.690612
6223AV,50.877133,5.691758
6223AW,50.877244,5.692966
6223AX,50.878523,5.692528
6223AZ,50.877726,5.69218
6223BA,50.878259,5.691454
6223BB,50.878067,5.690887
6223BC,50.877628,5.691021
6223BD,50.876902,5.688926
6223BE,50.876413,5.688789
6223BG,50.877598,5.690277
6223BH,50.876296,5.686887
6223BJ,50.877184,5.687188
6223BK,50.877013,5.688442
6223BL,50.87803,5.689287
6223BM,50.878972,5.690443
6223BR,50.879259,5.685534
6223BS,50.879392,5.685815
6223BT,50.878762,5.685224
6223BV,50.878914,5.684477
6223BW,50.88041,5.683031
6223CA,50.879072,5.687115
6223CG,50.879873,5.687009
6223CH,50.881106,5.685188
6223CJ,50.87946,5.686601
6223CK,50.88087,5.684702
6223CL,50.880274,5.68776
6223CM,50.880849,5.68728
6223CN,50.881235,5.686637
6223CP,50.881142,5.686151
6223CR,50.881816,5.685777
6223CS,50.880886,5.68823
6223CT,50.881701,5.686594
6223EA,50.881982,5.683986
6223EB,50.881822,5.684314
6223EC,50.880719,5.683653
6223ED,50.880775,5.683993
6223EE,50.880039,5.684555
6223EG,50.883941,5.697218
6223ET,50.895292,5.706575
6223EV,50.895166,5.705909
6223GA,50.895699,5.70765
6223GB,50.895632,5.707287
6223GC,50.895369,5.709202
6223GD,50.895433,5.708566
6223GE,50.895358,5.708155
6223GG,50.895656,5.7089
6223GH,50.895309,5.708568
6223GL,50.895482,5.704635
6223GM,50.895152,5.704615
6223GN,50.896289,5.703788
6223GP,50.895938,5.704788
6223GR,50.896612,5.707059
6223GS,50.896571,5.70838
6223GT,50.897111,5.704492
6223GW,50.899639,5.698704
6223GX,50.898785,5.700872
6223GZ,50.898505,5.700827
6223HA,50.897648,5.697921
6223HB,50.898185,5.698095
6223HC,50.897584,5.696588
6223HD,50.89848,5.700027
6223HE,50.897774,5.699411
6223HG,50.897255,5.699054
6223HV,50.90074,5.714544
6224AC,50.858076,5.708574
6224AD,50.85663,5.707464
6224AE,50.854933,5.706236
6224AG,50.853476,5.705579
6224AH,50.851875,5.706447
6224AJ,50.850485,5.706976
6224AK,50.848343,5.70727
6224AL,50.855502,5.706107
6224AM,50.852431,5.707861
6224AN,50.855357,5.706861
6224AP,50.854541,5.70768
6224AR,50.854961,5.707364
6224AS,50.855579,5.707742
6224AT,50.8561,5.708071
6224AV,50.856161,5.708611
6224AW,50.856028,5.709149
6224AX,50.855661,5.709595
6224AZ,50.854831,5.709629
6224BA,50.85339,5.709215
6224BB,50.852626,5.708851
6224BC,50.853426,5.70864
6224BD,50.854162,5.708369
6224BE,50.852935,5.708211
6224BG,50.854181,5.709567
6224BH,50.853259,5.709599
6224BJ,50.852507,5.709847
6224BK,50.853197,5.706813
6224BL,50.853526,5.705942
6224BM,50.85297,5.706588
6224BP,50.852532,5.707025
6224BR,50.852806,5.707655
6224BS,50.852007,5.707461
6224BT,50.852145,5.707029
6224BW,50.851625,5.708608
6224BX,50.851435,5.707572
6224BZ,50.851616,5.707607
6224CA,50.851259,5.707739
6224CB,50.850827,5.707666
6224CC,50.849668,5.708976
6224CD,50.848914,5.708645
6224CE,50.849403,5.707844
6224CG,50.848896,5.707601
6224CM,50.854446,5.711044
6224CP,50.851076,5.711528
6224CR,50.856368,5.711094
6224CS,50.853987,5.710292
6224CT,50.853563,5.710324
6224CV,50.853129,5.710365
6224CW,50.852594,5.710372
6224DA,50.845017,5.719082
6224DB,50.845017,5.719088
6224DC,50.8473,5.718348
6224DD,50.844561,5.719453
6224DZ,50.854458,5.707745
6224EB,50.848741,5.709495
6224EC,50.849442,5.709252
6224ED,50.849652,5.709889
6224EE,50.849674,5.710345
6224EG,50.849677,5.710558
6224EH,50.849082,5.71157
6224EK,50.852284,5.713877
6224EL,50.852567,5.714208
6224EM,50.85254,5.71199
6224EN,50.855214,5.714765
6224EP,50.854157,5.713477
6224ER,50.853185,5.712681
6224ES,50.855298,5.714132
6224ET,50.853708,5.712632
6224EV,50.853416,5.714208
6224EW,50.854197,5.714304
6224EX,50.85333,5.713619
6224EZ,50.853606,5.714309
6224GA,50.853707,5.714825
6224GB,50.853214,5.714507
6224GC,50.852109,5.714881
6224GD,50.851797,5.714394
6224GE,50.851436,5.715003
6224GJ,50.851737,5.713497
6224GK,50.851918,5.7129
6224GL,50.851537,5.717138
6224GM,50.850844,5.714964
6224GN,50.850304,5.713515
6224GP,50.849907,5.712335
6224GR,50.851719,5.716969
6224GS,50.851028,5.714766
6224GT,50.850552,5.71352
6224GV,50.850148,5.712249
6224GW,50.851511,5.718197
6224GX,50.850643,5.718439
6224GZ,50.849602,5.718459
6224HA,50.850919,5.717586
6224HB,50.8506,5.715984
6224HC,50.851265,5.717507
6224HD,50.850782,5.715819
6224HE,50.850595,5.717725
6224HG,50.850431,5.716947
6224HH,50.850308,5.716152
6224HL,50.850237,5.715086
6224HM,50.849902,5.717683
6224HN,50.849772,5.71621
6224HP,50.849995,5.716448
6224HR,50.849316,5.717203
6224HT,50.850307,5.714225
6224HV,50.849419,5.714695
6224HW,50.850077,5.71414
6224HX,50.849351,5.714492
6224JA,50.848663,5.718495
6224JB,50.848682,5.716285
6224JC,50.848359,5.713777
6224JD,50.847825,5.709155
6224JE,50.847653,5.708211
6224JG,50.849006,5.719133
6224JH,50.849055,5.7167
6224JJ,50.848744,5.714153
6224JK,50.84807,5.708595
6224JL,50.847919,5.716263
6224JM,50.847751,5.715232
6224JN,50.847768,5.713758
6224JP,50.847169,5.714328
6224JR,50.846676,5.714469
6224JS,50.846986,5.71541
6224JT,50.84633,5.714069
6224JV,50.847127,5.716688
6224JX,50.845673,5.717693
6224JZ,50.845351,5.719281
6224KA,50.845683,5.713428
6224KB,50.845448,5.713764
6224KC,50.845219,5.714098
6224KD,50.846599,5.710944
6224KE,50.8464,5.71097
6224KG,50.846398,5.71129
6224KH,50.846431,5.711602
6224KJ,50.846495,5.711908
6224KK,50.846479,5.712271
6224KL,50.846324,5.712496
6224KM,50.846179,5.712707
6224KN,50.846034,5.712918
6224KP,50.846673,5.713561
6224KR,50.846907,5.713143
6224KS,50.847137,5.712868
6224KT,50.847367,5.712938
6224KV,50.84777,5.71204
6224KW,50.847191,5.711349
6224KX,50.847189,5.711345
6224KZ,50.847187,5.711341
6224LA,50.846009,5.709044
6224LB,50.845315,5.711005
6224LC,50.845055,5.712425
6224LD,50.844922,5.713557
6224LE,50.845831,5.708617
6224LG,50.845795,5.709387
6224LH,50.844832,5.711278
6224LJ,50.84464,5.713916
6224LK,50.845918,5.709844
6224LL,50.845637,5.711747
6224LM,50.845837,5.710586
6224LN,50.845844,5.712115
6224LP,50.846054,5.710816
6224LR,50.845237,5.713272
6224LS,50.842955,5.713908
6224LW,50.846755,5.708393
6224LX,50.846638,5.709237
6224TA,50.853591,5.715749
6224TB,50.853756,5.715351
6224TD,50.852478,5.71621
6224TE,50.851897,5.715656
6224TG,50.85203,5.716804
6224TH,50.852378,5.716789
6224TK,50.85292,5.716141
6224TL,50.853124,5.715448
6224TN,50.8543,5.715701
6224TP,50.85369,5.716545
6224TR,50.85248,5.717503
6224TV,50.856804,5.714073
6224TW,50.856272,5.714491
6224TX,50.855716,5.714952
6224TZ,50.85498,5.715545
6224VB,50.855851,5.713275
6224VC,50.85499,5.714654
6224VD,50.855833,5.712807
6224VE,50.855047,5.714163
6224VG,50.855821,5.71226
6224VH,50.855617,5.712136
6224VK,50.855521,5.712726
6224VL,50.856106,5.712816
6224VM,50.856428,5.713745
6224VN,50.855418,5.713407
6224VP,50.856463,5.713411
6224VR,50.855438,5.71315
6224VS,50.854764,5.713224
6224VT,50.854878,5.712084
6224VV,50.854702,5.712544
6224VW,50.8541,5.712434
6224VX,50.854213,5.712029
6224XB,50.856068,5.712274
6224XD,50.855424,5.711597
6224XE,50.854199,5.711603
6224XG,50.856913,5.708973
6224XH,50.857806,5.709892
6224XJ,50.856714,5.709957
6224XK,50.857707,5.710393
6224XM,50.857962,5.711485
6224XN,50.858882,5.70965
6224XS,50.858355,5.709587
6224XV,50.857538,5.709029
6224XW,50.85776,5.708882
6224XX,50.856992,5.708531
6224XZ,50.856542,5.708322
6225AA,50.858084,5.73001
6225AB,50.858472,5.726861
6225AC,50.860146,5.728396
6225AD,50.857319,5.73102
6225AE,50.859626,5.730997
6225AG,50.860422,5.726548
6225AH,50.862509,5.727413
6225AJ,50.858599,5.731469
6225AK,50.861065,5.731785
6225AL,50.861667,5.734893
6225AM,50.861799,5.737715
6225AN,50.861446,5.734684
6225AP,50.861599,5.737097
6225AR,50.861969,5.727856
6225AS,50.863015,5.72825
6225AT,50.865233,5.727711
6225AV,50.867159,5.728592
6225AW,50.868362,5.730846
6225AX,50.863648,5.730057
6225AZ,50.864086,5.731005
6225BA,50.862625,5.730821
6225BB,50.865229,5.730717
6225BC,50.867285,5.730991
6225BD,50.862515,5.731484
6225BE,50.864568,5.731118
6225BG,50.862872,5.730298
6225BH,50.863255,5.730226
6225BJ,50.862331,5.729357
6225BK,50.864179,5.728691
6225BL,50.865686,5.72798
6225BM,50.862474,5.729855
6225BN,50.865172,5.72861
6225BP,50.865732,5.729581
6225BR,50.865545,5.730366
6225BS,50.864983,5.730191
6225BV,50.86634,5.729389
6225BW,50.866116,5.729489
6225CA,50.866998,5.729282
6225CB,50.866906,5.730104
6225CC,50.866721,5.729007
6225CD,50.86664,5.730072
6225CE,50.867341,5.730152
6225CG,50.867227,5.732484
6225CH,50.868714,5.732341
6225CJ,50.866371,5.731975
6225CM,50.8677,5.731592
6225CN,50.866453,5.731445
6225CP,50.865042,5.731649
6225DA,50.86144,5.726773
6225DB,50.861128,5.727907
6225DC,50.861029,5.728722
6225DD,50.860148,5.730484
6225DE,50.859514,5.726039
6225DG,50.859242,5.728496
6225DH,50.858513,5.729768
6225DK,50.86062,5.730435
6225DL,50.861248,5.730869
6225DN,50.861192,5.731268
6225DR,50.857309,5.729939
6225EA,50.86275,5.732185
6225EB,50.865287,5.732615
6225EC,50.866793,5.732784
6225ED,50.868947,5.733062
6225EE,50.862819,5.732737
6225EG,50.864912,5.73302
6225EH,50.867189,5.733121
6225EJ,50.870137,5.73355
6225EK,50.866769,5.734299
6225EL,50.865781,5.734412
6225EM,50.86324,5.731496
6225EP,50.866837,5.733658
6225ER,50.868379,5.735955
6225ES,50.868953,5.737535
6225ET,50.869169,5.736387
6225EV,50.869745,5.736262
6225EW,50.870394,5.736918
6225GA,50.866564,5.737109
6225GB,50.86728,5.73658
6225GC,50.866065,5.735591
6225GD,50.865676,5.735952
6225GE,50.865734,5.734927
6225GG,50.865862,5.735449
6225GH,50.865915,5.735035
6225GJ,50.865128,5.73506
6225GK,50.864566,5.735814
6225GL,50.864851,5.736326
6225GM,50.864506,5.734129
6225GN,50.864335,5.733657
6225GP,50.864141,5.734445
6225GR,50.863705,5.734337
6225GS,50.863993,5.737423
6225GT,50.862973,5.736353
6225GV,50.862563,5.735921
6225GW,50.862567,5.737381
6225GX,50.862729,5.73406
6225GZ,50.862579,5.733474
6225HC,50.865541,5.736646
6225HD,50.863425,5.735366
6225HE,50.862969,5.735512
6225HG,50.862663,5.73556
6225HH,50.864173,5.736118
6225HJ,50.864011,5.735487
6225HK,50.86709,5.737762
6225HL,50.867411,5.738825
6225HM,50.863777,5.736346
6225HN,50.865691,5.738519
6225JK,50.857482,5.733247
6225JL,50.858043,5.733284
6225JM,50.858384,5.733083
6225JN,50.85914,5.733372
6225JS,50.858571,5.733816
6225JT,50.859654,5.73247
6225JW,50.860717,5.733339
6225KB,50.86054,5.736525
6225KC,50.86017,5.736476
6225KD,50.860699,5.738142
6225KE,50.859549,5.737259
6225KG,50.858612,5.735584
6225KH,50.858612,5.73639
6225KJ,50.858552,5.737566
6225KK,50.857552,5.736671
6225KL,50.857086,5.735528
6225KM,50.856979,5.736608
6225KN,50.856911,5.737679
6225NB,50.860559,5.738543
6225NC,50.863004,5.740228
6225ND,50.866615,5.753384
6225XP,50.856432,5.724464
6225XX,50.857095,5.721785
6225XZ,50.855159,5.720908
6226AA,50.852411,5.720067
6226AB,50.852062,5.718795
6226AC,50.852611,5.719801
6226AD,50.852287,5.718766
6226AE,50.851155,5.718732
6226AG,50.849584,5.719688
6226AH,50.852085,5.720108
6226AJ,50.851819,5.719682
6226AK,50.851881,5.721311
6226AL,50.85163,5.719485
6226AM,50.851324,5.71955
6226AN,50.851446,5.720675
6226AP,50.851109,5.719803
6226AT,50.849987,5.721836
6226AV,50.851791,5.728096
6226AW,50.853743,5.728873
6226AX,50.85214,5.728528
6226AZ,50.853419,5.729093
6226BA,50.850324,5.728075
6226BB,50.849879,5.725644
6226BC,50.849166,5.722131
6226BD,50.850825,5.728022
6226BE,50.849866,5.723516
6226BG,50.849304,5.721406
6226BH,50.848962,5.723608
6226BJ,50.849027,5.725199
6226BK,50.849292,5.726998
6226BL,50.848816,5.725859
6226BN,50.848333,5.724644
6226BP,50.848159,5.726792
6226BR,50.847263,5.72571
6226BS,50.848101,5.722739
6226BT,50.847522,5.726658
6226BV,50.848544,5.722271
6226CA,50.845118,5.719819
6226CB,50.847299,5.71922
6226CC,50.845933,5.720033
6226CD,50.847615,5.719345
6226CE,50.847618,5.720024
6226CG,50.847399,5.721237
6226CH,50.84707,5.720866
6226CJ,50.846545,5.720378
6226CK,50.846092,5.721971
6226CL,50.845987,5.723563
6226CM,50.845569,5.726624
6226CN,50.846943,5.721479
6226CP,50.846329,5.725029
6226CR,50.847364,5.72124
6226CS,50.846617,5.725126
6226CT,50.847395,5.721734
6226CV,50.847091,5.723805
6226CW,50.847064,5.723348
6226CX,50.847114,5.724543
6226CZ,50.846153,5.725315
6226DA,50.850857,5.723592
6226DB,50.851775,5.72568
6226DG,50.852376,5.725339
6226DH,50.852563,5.726133
6226DJ,50.852821,5.727414
6226DK,50.851466,5.726836
6226DL,50.851431,5.725975
6226DM,50.851745,5.726802
6226DP,50.850263,5.721238
6226DR,50.850592,5.719782
6226DS,50.85082,5.720755
6226EA,50.846511,5.726608
6226EB,50.846774,5.726895
6226EC,50.846304,5.729716
6226ED,50.846258,5.729114
6226EE,50.846145,5.728449
6226EG,50.845898,5.727279
6226EH,50.84589,5.726369
6226EJ,50.845826,5.725908
6226EK,50.845632,5.722702
6226EL,50.845612,5.722134
6226EM,50.845648,5.721239
6226EN,50.845686,5.720537
6226EP,50.845758,5.729642
6226ER,50.845776,5.728114
6226ES,50.845641,5.726919
6226ET,50.845543,5.726229
6226EV,50.845357,5.724917
6226EW,50.845266,5.723614
6226EX,50.845263,5.722299
6226EZ,50.845325,5.720869
6226GA,50.844702,5.721759
6226GB,50.84492,5.721457
6226GC,50.844712,5.722984
6226GD,50.844229,5.72542
6226GE,50.844386,5.723907
6226GG,50.844575,5.724817
6226GH,50.844972,5.725843
6226GJ,50.844743,5.724045
6226GK,50.845167,5.725986
6226GL,50.844916,5.723966
6226GM,50.844619,5.726086
6226GN,50.844418,5.72688
6226GP,50.844466,5.727483
6226GR,50.846231,5.727539
6226GS,50.84796,5.727803
6226GT,50.849979,5.727873
6226GV,50.844781,5.728051
6226GW,50.84646,5.727915
6226GX,50.850412,5.72833
6226GZ,50.849353,5.728567
6226HA,50.84714,5.729617
6226HB,50.846912,5.734201
6226HD,50.844083,5.729527
6226HE,50.845507,5.72992
6226HH,50.844962,5.728679
6226HJ,50.845622,5.728639
6226HK,50.844958,5.729148
6226HL,50.845623,5.72916
6226HM,50.844501,5.728167
6226HN,50.843663,5.729077
6226HR,50.843927,5.724782
6226HS,50.843587,5.727705
6226HT,50.845644,5.724402
6226HV,50.845646,5.724405
6226HW,50.845648,5.724409
6226HX,50.848016,5.718989
6226JX,50.846771,5.731458
6226NB,50.850633,5.734862
6226NE,50.846956,5.743314
6226TA,50.844103,5.733121
6226TB,50.843386,5.73302
6226VJ,50.851669,5.7249
6226VL,50.853811,5.717217
6226VM,50.853503,5.718811
6226VN,50.853477,5.719108
6226VP,50.853651,5.717199
6226VR,50.852589,5.717968
6226VV,50.853268,5.7216
6226VX,50.852871,5.721158
6226VZ,50.853815,5.721445
6226WB,50.846053,5.734515
6226WC,50.844259,5.734966
6226WD,50.845201,5.7368
6226WE,50.845842,5.734718
6226WG,50.844535,5.734882
6226WH,50.845245,5.736441
6226WJ,50.846189,5.733303
6226WK,50.845385,5.735794
6226WL,50.846071,5.737377
6226WN,50.847245,5.735824
6226WP,50.847161,5.736251
6226WR,50.848729,5.734566
6226WS,50.847653,5.734211
6226WT,50.84754,5.7333
6226WV,50.848098,5.735019
6226WX,50.847396,5.737154
6226WZ,50.84859,5.734603
6226XA,50.852945,5.718437
6226XB,50.853315,5.717996
6226XC,50.853514,5.718292
6226XD,50.853276,5.717428
6226XE,50.85256,5.719103
6226XG,50.853034,5.71918
6226XH,50.852806,5.719048
6226XJ,50.853434,5.719605
6226XK,50.854105,5.717609
6226XL,50.853583,5.720217
6226XM,50.854264,5.718156
6226XN,50.854076,5.720615
6226XV,50.844054,5.737555
6226XW,50.845553,5.733321
6226XX,50.85474,5.717757
6226XZ,50.855035,5.716718
6227AA,50.843811,5.722165
6227AB,50.843598,5.725101
6227AC,50.843281,5.727963
6227AD,50.84271,5.733187
6227AE,50.842222,5.738557
6227AH,50.844088,5.718844
6227AK,50.839179,5.720654
6227AL,50.842432,5.721925
6227AM,50.842627,5.723332
6227AN,50.841292,5.722498
6227AP,50.838662,5.722028
6227AR,50.842796,5.723
6227AS,50.841258,5.722023
6227AT,50.839582,5.722088
6227AV,50.842891,5.725228
6227AW,50.843239,5.724977
6227AX,50.842778,5.72432
6227AZ,50.842386,5.724682
6227BA,50.841862,5.725212
6227BB,50.840864,5.724476
6227BC,50.841575,5.724472
6227BD,50.841458,5.723576
6227BE,50.843384,5.722777
6227BG,50.8421,5.726838
6227BH,50.842525,5.726631
6227BJ,50.841059,5.725903
6227BK,50.84264,5.72782
6227BL,50.839919,5.727516
6227BM,50.837955,5.72653
6227BN,50.842643,5.72753
6227BP,50.840841,5.727493
6227BR,50.838212,5.726256
6227BS,50.841074,5.729105
6227BT,50.841036,5.730706
6227BV,50.841068,5.73165
6227BW,50.841069,5.732502
6227BX,50.84079,5.729843
6227BZ,50.840565,5.733604
6227CB,50.84208,5.729289
6227CC,50.842138,5.72929
6227CD,50.842189,5.729289
6227CE,50.842241,5.729246
6227CG,50.842542,5.729443
6227CH,50.84254,5.729919
6227CK,50.841416,5.729572
6227CL,50.84159,5.729536
6227CM,50.842514,5.732206
6227CN,50.841739,5.731397
6227CP,50.841862,5.732177
6227CR,50.841802,5.732862
6227CV,50.842944,5.729211
6227DA,50.843051,5.722237
6227DB,50.842039,5.724021
6227EA,50.834617,5.72475
6227EB,50.834532,5.722742
6227EC,50.832863,5.722482
6227ED,50.834564,5.724219
6227EE,50.834171,5.722813
6227EG,50.833295,5.722269
6227EH,50.8344,5.723504
6227EJ,50.833724,5.72258
6227EL,50.833557,5.722831
6227EN,50.833261,5.722818
6227EP,50.833038,5.720894
6227ER,50.833248,5.720994
6227ES,50.831988,5.722691
6227ET,50.831848,5.722202
6227EV,50.83223,5.722515
6227EW,50.832117,5.723177
6227EX,50.832688,5.720576
6227GA,50.832996,5.723266
6227GB,50.833729,5.723948
6227GC,50.833276,5.723687
6227GE,50.832437,5.723958
6227GH,50.832547,5.724464
6227GJ,50.832074,5.725278
6227GK,50.831801,5.726812
6227GL,50.831688,5.725423
6227GM,50.833011,5.726382
6227GN,50.832401,5.727059
6227GP,50.832381,5.72616
6227GR,50.832253,5.725952
6227GS,50.832505,5.725202
6227GT,50.83307,5.72502
6227GV,50.832947,5.725444
6227HA,50.833755,5.725229
6227HB,50.833497,5.725947
6227HD,50.834311,5.725912
6227HE,50.834486,5.726
6227HJ,50.835204,5.72462
6227HK,50.834194,5.724251
6227HL,50.834014,5.72426
6227HM,50.836232,5.723962
6227HN,50.83526,5.723288
6227HR,50.835352,5.723727
6227RC,50.835931,5.721337
6227RD,50.836203,5.721074
6227RE,50.833357,5.719515
6227RG,50.833831,5.719891
6227RH,50.834836,5.720489
6227RJ,50.834874,5.720037
6227RK,50.835231,5.720545
6227RL,50.836516,5.722585
6227RM,50.833624,5.721004
6227RN,50.83643,5.722244
6227RP,50.834051,5.720566
6227RR,50.836661,5.721239
6227RS,50.837168,5.721584
6227RT,50.837064,5.724179
6227RV,50.837282,5.723863
6227RW,50.839112,5.72207
6227RX,50.839041,5.72297
6227RZ,50.839538,5.722884
6227SB,50.838355,5.722848
6227SC,50.839326,5.723519
6227SG,50.837945,5.723531
6227SH,50.839267,5.724619
6227SJ,50.838763,5.723598
6227SK,50.840467,5.72361
6227SL,50.840989,5.720509
6227SM,50.84038,5.724872
6227SN,50.840838,5.722769
6227SP,50.839317,5.726182
6227SR,50.839385,5.725938
6227ST,50.838247,5.725004
6227SV,50.836348,5.726151
6227SW,50.836535,5.728797
6227SX,50.836008,5.731903
6227SZ,50.836378,5.728422
6227TA,50.838236,5.727871
6227TB,50.837562,5.727253
6227TD,50.839842,5.728843
6227TE,50.839734,5.72841
6227TG,50.83873,5.729258
6227TH,50.838762,5.727448
6227TJ,50.83669,5.731713
6227TK,50.836306,5.734314
6227TL,50.83653,5.731199
6227TM,50.836262,5.73293
6227TN,50.837205,5.730992
6227TP,50.839556,5.730302
6227TR,50.837679,5.730577
6227TS,50.839434,5.73001
6227TT,50.837126,5.730233
6227TV,50.839344,5.731803
6227TW,50.837248,5.731858
6227TX,50.839784,5.731336
6227TZ,50.837874,5.731426
6227VA,50.838735,5.732689
6227VB,50.837232,5.732732
6227VC,50.839234,5.732304
6227VD,50.837334,5.732368
6227VE,50.840323,5.733622
6227VG,50.839531,5.733595
6227VH,50.838743,5.733616
6227VJ,50.837047,5.733907
6227VK,50.838229,5.733205
6227VL,50.836598,5.733071
6227VM,50.839649,5.733736
6227VN,50.836778,5.73461
6227VP,50.837354,5.734837
6227VR,50.837846,5.735121
6227VT,50.838404,5.732607
6227VV,50.838496,5.735281
6227VW,50.838096,5.732271
6227VX,50.838684,5.735286
6227VZ,50.839134,5.735051
6227XB,50.839116,5.734282
6227XC,50.839739,5.734861
6227XD,50.84012,5.734852
6227XE,50.839391,5.735664
6227XG,50.839494,5.73603
6227XH,50.840966,5.733769
6227XJ,50.842305,5.734101
6227XK,50.841678,5.733981
6227XL,50.84124,5.734674
6227XM,50.841615,5.734642
6227XN,50.840856,5.735167
6227XP,50.841422,5.735498
6227XR,50.841246,5.736305
6227XS,50.841981,5.735667
6227XT,50.839814,5.737353
6227XV,50.839383,5.737072
6227XW,50.836451,5.735326
6228AE,50.828852,5.725821
6228AG,50.828615,5.725707
6228AH,50.830187,5.726159
6228AJ,50.829704,5.72652
6228AK,50.830363,5.725693
6228AL,50.829711,5.725836
6228AM,50.830808,5.725402
6228AN,50.829878,5.725109
6228AR,50.830995,5.726557
6228AS,50.83101,5.727306
6228AT,50.830135,5.727295
6228AX,50.830388,5.726887
6228AZ,50.830552,5.726662
6228BA,50.829674,5.727781
6228BC,50.829294,5.726584
6228BD,50.826959,5.726812
6228BE,50.828976,5.727869
6228BG,50.82448,5.727024
6228BH,50.823558,5.72755
6228BJ,50.823885,5.727909
6228BK,50.823059,5.727985
6228BL,50.828615,5.726991
6228BN,50.828438,5.727715
6228BP,50.824254,5.726643
6228BR,50.827776,5.727846
6228BS,50.828052,5.727555
6228BT,50.827149,5.72734
6228BV,50.826989,5.727666
6228CA,50.826412,5.727754
6228CB,50.825118,5.727314
6228CC,50.825994,5.727436
6228CD,50.825288,5.727221
6228CK,50.825869,5.725322
6228CM,50.825364,5.725853
6228CN,50.825316,5.726133
6228CP,50.825381,5.725087
6228CR,50.825501,5.724463
6228CS,50.823989,5.725067
6228CT,50.823772,5.724751
6228CV,50.824389,5.725614
6228CW,50.824043,5.725335
6228CX,50.823573,5.725964
6228CZ,50.823691,5.726313
6228DH,50.827888,5.726161
6228DJ,50.827236,5.72542
6228DK,50.827339,5.725392
6228DL,50.827561,5.724978
6228DM,50.827648,5.724732
6228DP,50.826554,5.725783
6228EA,50.828856,5.722042
6228EB,50.826905,5.721503
6228EC,50.830517,5.72336
6228ED,50.829984,5.723855
6228EE,50.83005,5.723632
6228EG,50.830422,5.722439
6228EH,50.830265,5.72127
6228EJ,50.830479,5.722449
6228EK,50.830147,5.720037
6228EL,50.829827,5.721795
6228EM,50.829964,5.722214
6228EN,50.829653,5.722034
6228EP,50.829435,5.720695
6228ER,50.8296,5.721041
6228ES,50.828559,5.723986
6228ET,50.828439,5.722113
6228EV,50.82833,5.720383
6228EW,50.828728,5.720516
6228EX,50.828266,5.722644
6228GA,50.823923,5.720725
6228GB,50.822497,5.723017
6228GC,50.822661,5.723735
6228GD,50.823427,5.723114
6228GE,50.825319,5.721642
6228GG,50.822632,5.723969
6228GH,50.821766,5.72151
6228GJ,50.821713,5.72148
6228GK,50.824623,5.720618
6228GL,50.824056,5.720305
6228GM,50.821287,5.724489
6228GN,50.821133,5.723152
6228GP,50.820752,5.727463
6228GR,50.823465,5.721714
6228GS,50.821485,5.725971
6228GT,50.82232,5.727347
6228GV,50.820067,5.72277
6228GW,50.821557,5.722015
6228GX,50.821111,5.725484
6228GZ,50.820856,5.725029
6228HA,50.827245,5.720574
6228HB,50.827338,5.719967
6228HC,50.827399,5.720778
6228HG,50.82683,5.722817
6228HH,50.826979,5.723868
6228HJ,50.827929,5.723826
6228HK,50.82764,5.722468
6228HL,50.827105,5.723332
6228HM,50.827559,5.723106
6228HT,50.826218,5.720724
6228HV,50.825825,5.720065
6228HW,50.825274,5.720755
6228HX,50.825726,5.720707
6228JA,50.825232,5.722395
6228JB,50.825335,5.72353
6228JC,50.826029,5.723632
6228JD,50.826045,5.722905
6228JE,50.82627,5.722564
6228JG,50.82587,5.722196
6228JK,50.825492,5.722918
6228JM,50.824618,5.722202
6228JN,50.824612,5.723135
6228JP,50.823883,5.722734
6228JR,50.824338,5.721869
6228JS,50.823992,5.722512
6228JV,50.822767,5.724625
6228KA,50.822025,5.725133
6228KB,50.821856,5.725296
6228KC,50.822436,5.725333
6228KD,50.822581,5.725575
6228LA,50.830476,5.720601
6228LB,50.830341,5.720533
6228LC,50.830288,5.720504
6228LD,50.830289,5.720502
6228LE,50.830143,5.720602
6228SB,50.832392,5.729546
6228SC,50.830792,5.731007
6228SE,50.830625,5.730947
6228SG,50.831197,5.731185
6228SH,50.832841,5.732056
6228SJ,50.832612,5.731563
6228SM,50.830781,5.729572
6228SN,50.832413,5.729166
6228SP,50.832639,5.729628
6228SR,50.833207,5.729786
6228ST,50.8302,5.729485
6228SV,50.831359,5.729733
6228SW,50.82798,5.730138
6228SX,50.828959,5.729968
6228XV,50.825621,5.734424
6228XX,50.831399,5.728306
6228XZ,50.827342,5.728601
6229AB,50.816605,5.708188
6229AD,50.83024,5.702457
6229AE,50.828302,5.703275
6229AG,50.829669,5.704387
6229AH,50.828816,5.704457
6229AJ,50.829045,5.704639
6229AK,50.828226,5.704749
6229AL,50.828379,5.704588
6229AP,50.830142,5.705493
6229AR,50.828285,5.706453
6229AS,50.830191,5.705211
6229AT,50.827753,5.705992
6229AV,50.831707,5.704706
6229AW,50.830272,5.705897
6229AX,50.830683,5.704117
6229AZ,50.830698,5.703544
6229BA,50.829453,5.707107
6229BB,50.829959,5.706894
6229BC,50.826547,5.70601
6229BD,50.826732,5.706402
6229BE,50.827018,5.704383
6229BG,50.825993,5.707083
6229BH,50.825891,5.706608
6229BJ,50.826013,5.706065
6229BK,50.825901,5.70569
6229BM,50.830438,5.702981
6229BN,50.832539,5.703755
6229EA,50.836466,5.710647
6229EB,50.836723,5.710729
6229EC,50.836878,5.710662
6229ED,50.837124,5.709277
6229EG,50.83752,5.708237
6229EM,50.838071,5.71571
6229GB,50.836111,5.705684
6229GC,50.836351,5.706039
6229GD,50.836597,5.704651
6229GE,50.836595,5.704641
6229GG,50.836115,5.708629
6229GH,50.835705,5.705595
6229GL,50.836022,5.710156
6229GM,50.835721,5.707984
6229GN,50.83656,5.709133
6229GP,50.836297,5.707626
6229GX,50.83652,5.707166
6229HB,50.832884,5.70805
6229HC,50.833692,5.70332
6229HD,50.832836,5.70947
6229HE,50.832821,5.706375
6229HH,50.832891,5.706689
6229HJ,50.833485,5.706815
6229HK,50.83376,5.70648
6229HL,50.833667,5.706903
6229HM,50.83377,5.70529
6229HN,50.834334,5.705639
6229HP,50.834319,5.705713
6229HR,50.834264,5.705014
6229HS,50.833482,5.703838
6229HT,50.834372,5.703657
6229HV,50.834342,5.706721
6229HW,50.834859,5.703838
6229HZ,50.835072,5.704582
6229SB,50.816175,5.717899
6229SC,50.815816,5.718006
6229SG,50.817844,5.717917
6229TA,50.830653,5.708864
6229TB,50.830929,5.708922
6229TD,50.829721,5.71018
6229TE,50.8284,5.709842
6229TG,50.828959,5.71062
6229TH,50.829095,5.710863
6229TJ,50.828754,5.709176
6229TK,50.828746,5.709827
6229TL,50.829112,5.709888
6229TM,50.82935,5.709143
6229TN,50.829826,5.70905
6229TP,50.8303,5.708925
6229TR,50.831512,5.707932
6229TS,50.830617,5.708049
6229TT,50.828975,5.708554
6229TV,50.831501,5.70835
6229TW,50.831164,5.70897
6229TX,50.830951,5.709563
6229VC,50.82512,5.708568
6229VE,50.822438,5.717932
6229VJ,50.817794,5.719146
6229VK,50.817697,5.718512
6229VM,50.825367,5.715653
6229VN,50.826784,5.710026
6229VP,50.830107,5.707999
6229VR,50.827935,5.708326
6229VS,50.830794,5.706807
6229VT,50.829157,5.707315
6229VV,50.827477,5.70782
6229VW,50.829597,5.706821
6229VX,50.827605,5.70739
6229VZ,50.825765,5.70798
6229WB,50.824717,5.711263
6229WC,50.824909,5.711539
6229WD,50.823931,5.71086
6229WE,50.824174,5.710443
6229WG,50.825295,5.71
6229WH,50.825179,5.709446
6229WJ,50.824593,5.710424
6229WK,50.825269,5.710228
6229WL,50.825024,5.709442
6229WN,50.825758,5.709189
6229WP,50.823616,5.708153
6229WR,50.82398,5.708655
6229WS,50.823062,5.709707
6229WT,50.823321,5.710336
6229WV,50.823103,5.710364
6229WX,50.822461,5.710475
6229WZ,50.8232,5.71103
6229XA,50.823044,5.706098
6229XB,50.823074,5.707403
6229XC,50.82359,5.707896
6229XD,50.824014,5.708225
6229XE,50.824298,5.708661
6229XG,50.825239,5.70678
6229XH,50.824465,5.705609
6229XJ,50.824784,5.706717
6229XK,50.82508,5.707783
6229XL,50.824287,5.707419
6229XM,50.823886,5.706758
6229XN,50.823671,5.70611
6229XP,50.823392,5.705519
6229XR,50.824676,5.707103
6229XS,50.824122,5.705726
6229XT,50.821673,5.706296
6229XV,50.825852,5.704787
6229XW,50.824333,5.704782
6229XX,50.82292,5.704777
6229ZA,50.822639,5.71067
6229ZB,50.822412,5.710794
6229ZC,50.823394,5.709682
6229ZD,50.821416,5.709247
6229ZE,50.820923,5.708232
6229EN,50.8393419,5.71426144
7002AA,51.97375758333333,6.30373185